"Meðaltekjur í Reykjavík eftir kyni, aldurshópum og póstnúmerum,  2002-2017"

"Ár","kyn","Póstnúmer","16-19 ára Fjöldi","16-19 ára Tekjur","20-24 ára Fjöldi","20-24 ára Tekjur","25-34 ára Fjöldi","25-34 ára Tekjur","35-54 ára Fjöldi","35-54 ára Tekjur","55-64 ára Fjöldi","55-64 ára Tekjur","65 ára og eldri Fjöldi","65 ára og eldri Tekjur","Allir Fjöldi","Allir Tekjur"
"2002","Karlar","101",147,650,530,1337,1241,2852,1532,3707,431,3779,671,2548,4552,2935
"2002","Karlar","103",37,669,50,1103,60,2736,174,4394,79,4093,228,3916,628,3543
"2002","Karlar","104",141,702,255,1439,542,3091,985,3924,343,4649,769,2364,3035,3103
"2002","Karlar","105",168,881,444,1495,1114,3028,1621,3785,574,4166,1023,2402,4944,3068
"2002","Karlar","107",140,557,287,1388,661,3351,1008,4683,252,4926,512,2635,2860,3497
"2002","Karlar","108",190,755,377,1362,622,3226,1338,5085,514,4652,964,2771,4005,3628
"2002","Karlar","109",259,852,511,1532,685,3045,1385,4275,603,3913,465,2361,3908,3190
"2002","Karlar","110",198,788,415,1600,552,2963,1190,4627,342,4153,303,2456,3000,3375
"2002","Karlar","111",164,916,294,1736,583,2632,990,3215,486,3243,411,2108,2928,2671
"2002","Karlar","112",349,891,570,1716,1023,3499,2289,4268,457,3789,365,2347,5053,3409
"2002","Karlar","113",16,759,26,1896,68,3538,83,4349,40,3598,36,2466,269,3330
"2002","Karlar","116",16,1408,21,1246,33,3555,79,4708,30,4032,28,1567,207,3395
"2002","Karlar","Annað",2,626,3,911,14,6487,27,6892,10,10222,..,..,56,6841
"2002","Karlar","Alls",1827,801,3783,1512,7198,3092,12701,4194,4161,4091,5775,2527,35445,3225
"2002","Konur","101",189,661,616,1149,1248,2054,1546,2937,443,2785,930,1852,4972,2191
"2002","Konur","103",22,521,40,1235,54,2094,192,2988,90,2341,365,3318,763,2843
"2002","Konur","104",149,698,256,1271,556,2144,1059,2878,361,2663,1173,1701,3554,2146
"2002","Konur","105",219,650,515,1202,1132,2169,1706,2903,590,3197,1559,1599,5721,2193
"2002","Konur","107",155,595,305,1109,690,2412,1111,3474,316,2887,828,1751,3405,2442
"2002","Konur","108",210,656,334,1133,647,2151,1483,3579,591,2797,1306,1658,4571,2414
"2002","Konur","109",260,766,437,1329,752,2032,1560,2529,608,2197,624,1504,4241,2011
"2002","Konur","110",194,774,348,1302,541,2162,1239,2724,371,2407,296,1542,2989,2173
"2002","Konur","111",141,781,372,1368,536,1988,1065,2225,563,2003,483,1490,3160,1868
"2002","Konur","112",389,771,587,1243,1260,2269,2433,2516,466,2364,390,1492,5525,2117
"2002","Konur","113",10,731,31,1790,67,2207,88,2715,37,2989,31,1463,264,2293
"2002","Konur","116",11,753,18,1615,32,2402,81,2304,26,5975,23,988,191,2507
"2002","Konur","Annað",2,176,4,1623,18,2341,23,2784,12,1604,2,2707,61,2257
"2002","Konur","Alls",1951,711,3863,1238,7533,2160,13586,2840,4474,2593,8010,1724,39417,2193
"2002","Alls","101",336,657,1146,1236,2489,2452,3078,3320,874,3275,1601,2144,9524,2547
"2002","Alls","103",59,614,90,1162,114,2432,366,3656,169,3160,593,3548,1391,3159
"2002","Alls","104",290,700,511,1355,1098,2612,2044,3382,704,3631,1942,1963,6589,2587
"2002","Alls","105",387,750,959,1337,2246,2595,3327,3333,1164,3675,2582,1917,10665,2599
"2002","Alls","107",295,577,592,1244,1351,2871,2119,4049,568,3791,1340,2089,6265,2924
"2002","Alls","108",400,703,711,1254,1269,2678,2821,4293,1105,3660,2270,2130,8576,2981
"2002","Alls","109",519,809,948,1439,1437,2514,2945,3350,1211,3051,1089,1870,8149,2576
"2002","Alls","110",392,781,763,1464,1093,2566,2429,3656,713,3244,599,2004,5989,2775
"2002","Alls","111",305,854,666,1531,1119,2323,2055,2702,1049,2578,894,1774,6088,2254
"2002","Alls","112",738,828,1157,1476,2283,2820,4722,3366,923,3069,755,1905,10578,2734
"2002","Alls","113",26,748,57,1838,135,2877,171,3508,77,3305,67,2002,533,2816
"2002","Alls","116",27,1141,39,1416,65,2987,160,3491,56,4934,51,1306,398,2969
"2002","Alls","Annað",4,401,7,1318,32,4155,50,5003,22,5521,2,2707,117,4451
"2002","Alls","Alls",3778,755,7646,1373,14731,2615,26287,3494,8635,3315,13785,2060,74862,2682
"2003","Karlar","101",158,1242,527,1310,1300,2760,1540,4470,434,4844,666,3199,4625,3371
"2003","Karlar","103",37,602,49,1180,67,3493,171,4594,83,5469,216,3827,623,3821
"2003","Karlar","104",145,711,272,1481,532,3038,1015,4178,339,8929,749,2429,3052,3673
"2003","Karlar","105",183,642,440,1428,1153,3012,1639,3904,612,3932,1025,2877,5052,3162
"2003","Karlar","107",145,634,308,1332,636,3441,1016,4860,283,4791,499,2735,2887,3585
"2003","Karlar","108",191,754,370,1398,620,3555,1400,4779,511,5580,937,2988,4029,3774
"2003","Karlar","109",224,796,491,1589,726,3001,1362,4446,637,4221,459,2861,3899,3384
"2003","Karlar","110",194,805,377,1607,590,3084,1192,4823,368,4690,319,2906,3040,3613
"2003","Karlar","111",159,848,309,1728,565,2821,975,3309,486,4734,433,2373,2927,3012
"2003","Karlar","112",349,869,566,1653,1050,3455,2287,4600,508,3993,371,2415,5131,3569
"2003","Karlar","113",29,866,69,1453,169,3490,216,4156,92,3835,93,2498,668,3290
"2003","Karlar","116",15,668,25,1325,45,3304,87,3194,31,5175,29,1847,232,2947
"2003","Karlar","Annað",1,75,8,890,14,3430,28,7694,12,9982,3,6494,66,6211
"2003","Karlar","Alls",1830,810,3811,1496,7467,3122,12928,4400,4396,4908,5799,2821,36231,3459
"2003","Konur","101",170,638,633,1229,1256,2139,1584,3563,434,4026,923,2406,5000,2637
"2003","Konur","103",22,588,37,1152,54,2205,190,4007,85,2602,362,3697,750,3328
"2003","Konur","104",152,713,274,1273,565,2276,1065,3048,367,3375,1139,2884,3562,2671
"2003","Konur","105",210,666,495,1259,1174,2202,1798,3204,661,2810,1560,2204,5898,2442
"2003","Konur","107",137,490,325,1423,669,2454,1143,3566,328,2761,815,2247,3417,2629
"2003","Konur","108",187,678,387,1113,623,2289,1485,3350,616,3534,1251,1820,4549,2509
"2003","Konur","109",254,727,444,1320,787,2163,1512,2796,650,2362,629,1902,4276,2206
"2003","Konur","110",195,741,357,1329,553,2290,1250,2986,390,2818,311,1887,3056,2390
"2003","Konur","111",148,774,348,1457,537,2129,1054,2386,575,2152,496,1640,3158,2005
"2003","Konur","112",347,783,634,1299,1177,2273,2495,2816,512,2425,400,1659,5565,2282
"2003","Konur","113",35,919,72,1314,172,2383,232,2944,100,2467,89,1617,700,2300
"2003","Konur","116",12,620,18,1290,48,2025,88,2944,26,2539,30,1154,222,2196
"2003","Konur","Annað",3,55,4,989,16,2417,30,2459,14,1886,3,1971,70,2127
"2003","Konur","Alls",1872,705,4028,1291,7631,2238,13926,3086,4758,2858,8008,2227,40223,2437
"2003","Alls","101",328,929,1160,1266,2556,2455,3124,4010,868,4435,1589,2738,9625,2990
"2003","Alls","103",59,597,86,1168,121,2918,361,4285,168,4019,578,3746,1373,3551
"2003","Alls","104",297,712,546,1377,1097,2646,2080,3599,706,6042,1888,2703,6614,3133
"2003","Alls","105",393,655,935,1338,2327,2603,3437,3538,1273,3349,2585,2471,10950,2774
"2003","Alls","107",282,564,633,1379,1305,2935,2159,4175,611,3702,1314,2432,6304,3067
"2003","Alls","108",378,716,757,1252,1243,2921,2885,4043,1127,4462,2188,2320,8578,3103
"2003","Alls","109",478,760,935,1462,1513,2565,2874,3578,1287,3282,1088,2307,8175,2768
"2003","Alls","110",389,773,734,1472,1143,2700,2442,3883,758,3727,630,2403,6096,3000
"2003","Alls","111",307,813,657,1585,1102,2484,2029,2830,1061,3335,929,1981,6085,2489
"2003","Alls","112",696,826,1200,1466,2227,2830,4782,3669,1020,3206,771,2023,10696,2899
"2003","Alls","113",64,895,141,1382,341,2931,448,3528,192,3123,182,2067,1368,2784
"2003","Alls","116",27,646,43,1310,93,2644,175,3068,57,3973,59,1495,454,2580
"2003","Alls","Annað",4,60,12,923,30,2890,58,4987,26,5623,6,4233,136,4109
"2003","Alls","Alls",3702,757,7839,1391,15098,2675,26854,3718,9154,3842,13807,2477,76454,2921
"2004","Karlar","101",142,684,533,1512,1262,2887,1498,4620,483,4737,630,3206,4548,3468
"2004","Karlar","103",27,590,46,1213,71,2810,156,4778,93,5192,212,5675,605,4467
"2004","Karlar","104",148,813,265,1592,545,3231,989,4362,338,7931,735,2541,3020,3697
"2004","Karlar","105",192,664,439,1731,1159,3236,1647,4265,602,4630,1004,2914,5043,3445
"2004","Karlar","107",140,614,276,1452,642,3694,971,5301,294,6816,471,3048,2794,4096
"2004","Karlar","108",198,738,352,1516,642,3757,1363,5733,528,5114,910,3689,3993,4248
"2004","Karlar","109",228,916,469,1752,706,3161,1298,4723,670,4697,473,2850,3844,3613
"2004","Karlar","110",220,911,358,1645,583,3274,1167,5203,378,5021,353,3876,3059,3935
"2004","Karlar","111",134,967,321,1880,536,2989,983,3531,504,3553,448,2367,2926,2959
"2004","Karlar","112",346,900,572,1799,1034,3620,2299,4884,542,4161,400,2807,5193,3791
"2004","Karlar","113",47,922,108,2036,328,3931,358,5447,157,4103,130,2627,1128,3979
"2004","Karlar","116",13,714,23,1678,41,3403,96,3640,35,8292,24,2567,232,3830
"2004","Karlar","Annað",2,26,5,403,6,4360,34,7372,9,11570,4,14067,60,7321
"2004","Karlar","Alls",1837,814,3767,1667,7555,3319,12859,4776,4633,4980,5794,3136,36445,3718
"2004","Konur","101",162,793,641,1223,1168,2358,1511,3453,467,3546,907,2507,4856,2639
"2004","Konur","103",29,717,36,1113,58,2374,166,3538,91,3608,366,2675,746,2806
"2004","Konur","104",137,813,270,1412,571,2623,1056,3798,372,3360,1129,2213,3535,2758
"2004","Konur","105",218,707,503,1282,1139,2336,1809,3314,657,3342,1519,2115,5845,2543
"2004","Konur","107",143,604,305,1115,677,2625,1109,4234,341,3140,783,2200,3358,2887
"2004","Konur","108",185,678,356,1255,619,2710,1466,3660,620,3409,1231,2232,4477,2787
"2004","Konur","109",229,812,399,1402,795,2324,1475,3096,667,2791,628,1890,4193,2434
"2004","Konur","110",179,752,331,1389,585,2341,1227,3285,413,2953,334,2009,3069,2569
"2004","Konur","111",152,840,309,1600,536,2250,1004,2673,574,2299,497,1677,3072,2169
"2004","Konur","112",358,844,609,1375,1137,2403,2531,3097,555,2682,451,1891,5641,2491
"2004","Konur","113",49,982,117,2018,353,2752,374,3759,159,2544,122,1950,1174,2814
"2004","Konur","116",14,838,22,1540,48,2224,88,2602,33,7563,24,1650,229,2928
"2004","Konur","Annað",2,88,3,720,13,2535,32,2869,11,3359,1,3065,62,2695
"2004","Konur","Alls",1857,774,3901,1349,7699,2438,13848,3374,4960,3063,7992,2159,40257,2599
"2004","Alls","101",304,742,1174,1354,2430,2632,3009,4034,950,4152,1537,2793,9404,3040
"2004","Alls","103",56,656,82,1169,129,2614,322,4139,184,4408,578,3775,1351,3550
"2004","Alls","104",285,813,535,1501,1116,2920,2045,4070,710,5536,1864,2342,6555,3190
"2004","Alls","105",410,687,942,1491,2298,2790,3456,3767,1259,3958,2523,2433,10888,2961
"2004","Alls","107",283,609,581,1275,1319,3145,2080,4732,635,4842,1254,2519,6152,3436
"2004","Alls","108",383,709,708,1385,1261,3243,2829,4659,1148,4193,2141,2852,8470,3476
"2004","Alls","109",457,864,868,1591,1501,2718,2773,3857,1337,3746,1101,2303,8037,2998
"2004","Alls","110",399,839,689,1522,1168,2807,2394,4220,791,3941,687,2968,6128,3251
"2004","Alls","111",286,900,630,1742,1072,2619,1987,3098,1078,2885,945,2004,5998,2554
"2004","Alls","112",704,872,1181,1580,2171,2982,4830,3948,1097,3412,851,2321,10834,3114
"2004","Alls","113",96,952,225,2027,681,3320,732,4585,316,3319,252,2299,2302,3385
"2004","Alls","116",27,778,45,1611,89,2767,184,3143,68,7938,48,2109,461,3382
"2004","Alls","Annað",4,57,8,522,19,3112,66,5188,20,7054,5,11866,122,4970
"2004","Alls","Alls",3694,794,7668,1505,15254,2875,26707,4049,9593,3989,13786,2570,76702,3131
"2005","Karlar","101",152,668,486,1607,1218,3444,1417,4916,503,6057,596,3541,4372,3934
"2005","Karlar","103",27,530,45,1319,65,3066,145,5987,105,5564,217,6141,604,5063
"2005","Karlar","104",154,898,255,1753,524,3510,984,4892,341,6565,708,3135,2966,3944
"2005","Karlar","105",228,748,407,1787,1120,3386,1635,4816,628,7051,980,3236,4998,4034
"2005","Karlar","107",156,734,265,1575,628,3988,955,5754,314,6880,453,3603,2771,4447
"2005","Karlar","108",215,817,328,1623,582,3823,1362,6577,523,5973,859,4675,3869,4919
"2005","Karlar","109",252,924,413,1954,706,3411,1258,5676,690,6045,485,3151,3804,4282
"2005","Karlar","110",219,1043,343,1749,605,3591,1175,6569,405,5932,357,4561,3104,4752
"2005","Karlar","111",142,1122,299,2090,542,3224,936,4017,510,3868,435,2765,2864,3306
"2005","Karlar","112",385,1006,538,1990,1051,3921,2260,5670,599,4609,446,3238,5279,4281
"2005","Karlar","113",58,1073,117,2243,426,4313,450,6086,184,4967,163,2889,1398,4496
"2005","Karlar","116",13,986,25,1791,47,4575,93,3657,37,4145,23,2478,238,3458
"2005","Karlar","Annað",4,463,1,22,12,4603,36,7409,10,9600,3,11989,66,6906
"2005","Karlar","Alls",2005,898,3522,1810,7526,3629,12706,5490,4849,5785,5725,3642,36333,4242
"2005","Konur","101",182,861,599,1321,1169,2849,1468,3959,485,4196,859,2969,4762,3082
"2005","Konur","103",25,765,42,1366,51,2331,163,4766,99,3258,361,3727,741,3563
"2005","Konur","104",123,875,262,1408,550,2667,1064,3633,389,4119,1073,2458,3461,2903
"2005","Konur","105",230,774,496,1397,1066,2509,1767,3792,656,5913,1480,2401,5695,3104
"2005","Konur","107",150,670,291,1208,676,2696,1070,4323,359,4264,736,3155,3282,3276
"2005","Konur","108",208,782,326,1306,612,2661,1483,4936,607,4382,1178,2737,4414,3494
"2005","Konur","109",228,928,400,1411,778,2605,1442,3831,687,3977,650,2196,4185,2984
"2005","Konur","110",182,842,333,1514,554,2614,1224,4375,416,3670,353,3495,3062,3338
"2005","Konur","111",152,890,294,1666,534,2397,931,2884,558,2576,490,1877,2959,2348
"2005","Konur","112",377,914,536,1525,1122,2601,2515,3668,621,2993,510,2269,5681,2873
"2005","Konur","113",55,885,148,1629,448,3048,449,3505,201,3184,144,1964,1445,2873
"2005","Konur","116",11,900,21,1528,52,2417,90,2564,31,2710,20,2013,225,2323
"2005","Konur","Annað",4,306,5,1006,20,2578,40,3074,8,2741,6,1285,83,2535
"2005","Konur","Alls",1927,845,3753,1423,7632,2655,13706,3927,5117,3973,7860,2634,39995,3052
"2005","Alls","101",334,773,1085,1449,2387,3153,2885,4429,988,5144,1455,3203,9134,3490
"2005","Alls","103",52,643,87,1342,116,2743,308,5341,204,4445,578,4633,1345,4236
"2005","Alls","104",277,888,517,1578,1074,3078,2048,4238,730,5262,1781,2727,6427,3384
"2005","Alls","105",458,761,903,1573,2186,2959,3402,4284,1284,6470,2460,2734,10693,3539
"2005","Alls","107",306,703,556,1383,1304,3318,2025,4998,673,5485,1189,3325,6053,3812
"2005","Alls","108",423,800,654,1465,1194,3228,2845,5722,1130,5118,2037,3554,8283,4159
"2005","Alls","109",480,926,813,1687,1484,2989,2700,4691,1377,5013,1135,2604,7989,3602
"2005","Alls","110",401,952,676,1633,1159,3124,2399,5450,821,4786,710,4031,6166,4050
"2005","Alls","111",294,1002,593,1880,1076,2814,1867,3452,1068,3193,925,2295,5823,2819
"2005","Alls","112",762,961,1074,1758,2173,3240,4775,4615,1220,3786,956,2721,10960,3551
"2005","Alls","113",113,982,265,1900,874,3664,899,4797,385,4036,307,2455,2843,3671
"2005","Alls","116",24,947,46,1671,99,3442,183,3120,68,3491,43,2262,463,2907
"2005","Alls","Annað",8,385,6,842,32,3338,76,5128,18,6552,9,4853,149,4471
"2005","Alls","Alls",3932,872,7275,1610,15158,3138,26412,4679,9966,4855,13585,3059,76328,3619
"2006","Karlar","101",152,759,436,1716,1275,3906,1447,7019,535,7225,589,4606,4434,5092
"2006","Karlar","103",19,844,48,1652,61,3973,140,7856,114,7455,215,5143,597,5684
"2006","Karlar","104",149,1020,234,1951,521,3951,1003,6012,355,7728,690,3641,2952,4727
"2006","Karlar","105",236,918,395,1930,1141,3888,1608,5722,661,5970,972,3730,5013,4426
"2006","Karlar","107",160,1555,263,1602,624,4415,970,6387,340,7736,435,3658,2792,4958
"2006","Karlar","108",224,861,314,1789,597,4292,1388,7165,547,7439,816,4821,3886,5472
"2006","Karlar","109",276,1122,377,2175,717,3976,1246,6779,669,6086,516,3803,3801,4857
"2006","Karlar","110",209,1102,348,2157,651,4039,1242,7325,439,6543,366,4165,3255,5255
"2006","Karlar","111",152,1227,279,2393,549,3523,953,4147,513,4554,436,2950,2882,3596
"2006","Karlar","112",415,1059,529,2273,1053,4674,2306,6592,643,5314,481,3305,5427,4933
"2006","Karlar","113",60,1287,121,2359,438,4885,525,6197,206,5787,183,3998,1533,5009
"2006","Karlar","116",17,1333,14,2397,45,3711,92,4339,39,6802,24,2763,231,4130
"2006","Karlar","Annað",3,430,4,397,6,3303,28,9167,8,12357,2,10336,51,7822
"2006","Karlar","Alls",2072,1066,3362,2020,7678,4128,12948,6428,5069,6383,5725,3958,36854,4856
"2006","Konur","101",180,879,535,1464,1213,3247,1458,4528,516,4739,843,3722,4745,3596
"2006","Konur","103",22,724,35,1452,64,2630,152,7004,117,4470,355,3449,745,4090
"2006","Konur","104",130,919,273,1519,539,3699,1084,4276,403,5071,1054,2542,3483,3412
"2006","Konur","105",232,880,494,1505,1083,2889,1747,4215,709,4403,1457,2714,5722,3236
"2006","Konur","107",152,779,297,1393,666,2989,1084,4866,402,4202,723,2610,3324,3422
"2006","Konur","108",219,812,279,1381,635,3095,1484,6831,609,5031,1136,3002,4362,4388
"2006","Konur","109",226,934,412,1677,757,2960,1419,3954,706,3788,653,2388,4173,3112
"2006","Konur","110",196,846,345,1660,595,2902,1263,4445,457,4179,373,2929,3229,3432
"2006","Konur","111",152,1005,260,1779,537,2580,928,3070,564,3016,498,2117,2939,2588
"2006","Konur","112",390,965,537,1611,1106,3207,2547,4111,666,3484,542,2304,5788,3253
"2006","Konur","113",58,921,164,1726,467,3553,511,4276,231,3776,162,2943,1593,3471
"2006","Konur","116",15,1251,18,1812,45,2655,99,3032,30,5540,24,19024,231,4735
"2006","Konur","Annað",2,69,4,889,9,5055,33,4294,6,3207,1,2633,55,3868
"2006","Konur","Alls",1974,898,3653,1561,7716,3099,13809,4508,5416,4164,7821,2836,40389,3426
"2006","Alls","101",332,824,971,1577,2488,3585,2905,5769,1051,6005,1432,4085,9179,4319
"2006","Alls","103",41,780,83,1567,125,3286,292,7413,231,5943,570,4088,1342,4799
"2006","Alls","104",279,973,507,1718,1060,3823,2087,5110,758,6315,1744,2977,6435,4015
"2006","Alls","105",468,899,889,1694,2224,3402,3355,4937,1370,5159,2429,3121,10735,3792
"2006","Alls","107",312,1177,560,1491,1290,3679,2054,5584,742,5821,1158,3004,6116,4123
"2006","Alls","108",443,837,593,1597,1232,3675,2872,6992,1156,6171,1952,3762,8248,4899
"2006","Alls","109",502,1038,789,1915,1474,3454,2665,5275,1375,4906,1169,3012,7974,3944
"2006","Alls","110",405,979,693,1910,1246,3496,2505,5873,896,5337,739,3541,6484,4347
"2006","Alls","111",304,1116,539,2097,1086,3057,1881,3616,1077,3749,934,2506,5821,3087
"2006","Alls","112",805,1013,1066,1940,2159,3923,4853,5290,1309,4383,1023,2775,11215,4066
"2006","Alls","113",118,1107,285,1994,905,4198,1036,5249,437,4724,345,3503,3126,4226
"2006","Alls","116",32,1295,32,2068,90,3183,191,3661,69,6253,48,10894,462,4432
"2006","Alls","Annað",5,286,8,643,15,4354,61,6531,14,8435,3,7768,106,5770
"2006","Alls","Alls",4046,984,7015,1781,15394,3612,26757,5437,10485,5237,13546,3311,77243,4108
"2007","Karlar","101",163,852,403,2064,1312,4262,1417,6422,560,8255,595,8642,4450,5714
"2007","Karlar","103",21,798,41,1797,59,4211,148,9596,120,12517,260,8476,649,8421
"2007","Karlar","104",154,1016,254,2155,515,4557,989,6506,371,13748,661,4258,2944,5910
"2007","Karlar","105",220,946,404,2120,1148,4454,1659,6279,664,6683,953,4519,5048,5020
"2007","Karlar","107",161,877,251,1746,665,5676,961,8720,340,9442,432,5512,2810,6521
"2007","Karlar","108",240,1000,322,2000,592,5103,1381,8894,559,7969,777,6987,3871,6735
"2007","Karlar","109",247,1043,410,2379,692,4340,1279,7471,654,7539,526,8360,3808,6071
"2007","Karlar","110",211,1180,342,2348,679,4768,1303,7823,484,7921,393,5143,3412,5961
"2007","Karlar","111",152,1335,246,2733,584,3845,985,4508,479,4884,447,3347,2893,3940
"2007","Karlar","112",428,1213,498,2375,1033,4835,2301,7308,692,6295,514,4059,5466,5481
"2007","Karlar","113",61,1285,131,2657,475,4962,564,6772,231,7198,202,5197,1664,5598
"2007","Karlar","116",14,961,24,2362,49,3738,101,5954,36,21802,23,3166,247,6932
"2007","Karlar","Annað",3,544,9,1707,19,4320,27,10930,7,9892,4,10278,69,7312
"2007","Karlar","Alls",2075,1072,3335,2233,7822,4628,13115,7149,5197,7948,5787,5779,37331,5742
"2007","Konur","101",172,985,559,1598,1189,4861,1404,4864,556,7199,805,5883,4685,4783
"2007","Konur","103",24,829,31,1476,63,3996,152,8139,116,5083,420,5733,806,5648
"2007","Konur","104",154,1030,245,1777,523,3280,1071,4955,409,10532,1010,2982,3412,4378
"2007","Konur","105",207,940,460,1672,1035,3258,1757,4717,690,5378,1422,3050,5571,3711
"2007","Konur","107",150,824,311,1582,657,3276,1090,6062,406,4726,722,3688,3336,4184
"2007","Konur","108",220,944,294,1720,605,3405,1504,8016,585,6168,1096,4129,4304,5335
"2007","Konur","109",248,1142,369,1965,730,3220,1428,5062,704,4857,673,2757,4152,3820
"2007","Konur","110",204,909,308,1819,678,3289,1296,5322,491,4700,418,3077,3395,3967
"2007","Konur","111",168,1149,247,2085,553,2842,930,3462,554,3285,516,2524,2968,2905
"2007","Konur","112",395,982,548,1880,1037,3365,2582,4854,699,4057,585,2771,5846,3746
"2007","Konur","113",77,1001,180,1746,467,3632,569,4324,263,3669,172,4186,1728,3607
"2007","Konur","116",16,956,23,1708,44,2739,95,3384,32,21162,24,4975,234,5526
"2007","Konur","Annað",1,447,3,409,17,4172,36,4227,8,2773,2,2086,67,3748
"2007","Konur","Alls",2036,990,3578,1768,7598,3535,13914,5256,5513,5475,7865,3635,40504,4126
"2007","Alls","101",335,920,962,1793,2501,4547,2821,5647,1116,7729,1400,7056,9135,5237
"2007","Alls","103",45,815,72,1659,122,4100,300,8858,236,8863,680,6782,1455,6884
"2007","Alls","104",308,1023,499,1969,1038,3914,2060,5700,780,12062,1671,3487,6356,5088
"2007","Alls","105",427,943,864,1882,2183,3887,3416,5476,1354,6018,2375,3640,10619,4333
"2007","Alls","107",311,851,562,1656,1322,4483,2051,7307,746,6876,1154,4370,6146,5252
"2007","Alls","108",460,973,616,1866,1197,4245,2885,8437,1144,7048,1873,5315,8175,5998
"2007","Alls","109",495,1093,779,2183,1422,3765,2707,6200,1358,6149,1199,5215,7960,4897
"2007","Alls","110",415,1047,650,2098,1357,4029,2599,6576,975,6299,811,4078,6807,4966
"2007","Alls","111",320,1238,493,2408,1137,3357,1915,4000,1033,4026,963,2906,5861,3416
"2007","Alls","112",823,1102,1046,2116,2070,4099,4883,6010,1391,5171,1099,3374,11312,4584
"2007","Alls","113",138,1126,311,2130,942,4303,1133,5543,494,5319,374,4732,3392,4584
"2007","Alls","116",30,958,47,2042,93,3265,196,4708,68,21501,47,4090,481,6248
"2007","Alls","Annað",4,520,12,1383,36,4250,63,7099,15,6095,6,7547,136,5556
"2007","Alls","Alls",4111,1031,6913,1992,15420,4090,27029,6175,10710,6675,13652,4544,77835,4901
"2008","Karlar","101",170,1638,416,1923,1389,4232,1473,6594,591,6316,601,5978,4640,5171
"2008","Karlar","103",24,812,41,2019,70,4699,140,7751,118,10159,262,7108,655,6989
"2008","Karlar","104",150,1096,261,2146,560,4587,1005,6534,407,7780,650,4374,3033,5232
"2008","Karlar","105",225,924,432,2165,1180,4320,1719,6243,702,7101,924,5103,5182,5147
"2008","Karlar","107",166,851,267,1978,644,5162,983,8070,366,8297,435,5005,2861,5991
"2008","Karlar","108",258,1020,334,1920,638,4956,1407,8270,573,7586,799,6047,4009,6206
"2008","Karlar","109",268,1185,381,2225,738,4262,1261,6760,657,7372,547,5599,3852,5384
"2008","Karlar","110",213,1265,359,2545,705,4868,1338,7465,529,7642,423,5170,3567,5840
"2008","Karlar","111",163,1327,272,2693,593,4153,1001,4790,487,5138,467,3911,2983,4202
"2008","Karlar","112",435,1223,534,2390,1025,4868,2313,7556,729,6540,572,4613,5608,5649
"2008","Karlar","113",63,1206,148,2727,437,5272,609,7195,242,6086,208,4723,1707,5636
"2008","Karlar","116",16,1173,16,3020,39,3986,104,6303,35,13798,26,3919,236,6199
"2008","Karlar","Annað",2,161,3,639,10,4659,24,10477,7,22677,3,16028,49,10349
"2008","Karlar","Alls",2153,1164,3464,2243,8028,4596,13377,7007,5443,7117,5917,5217,38382,5485
"2008","Konur","101",169,909,570,1745,1274,3608,1418,5387,602,5329,792,4725,4825,4214
"2008","Konur","103",26,931,41,1637,57,4598,147,6330,118,5309,408,4617,797,4761
"2008","Konur","104",158,1025,237,1830,571,3399,1048,5059,427,5593,955,3424,3396,3974
"2008","Konur","105",217,975,478,1839,1117,3585,1748,4945,713,5815,1411,3849,5684,4102
"2008","Konur","107",152,773,277,1635,669,3655,1073,5711,435,5540,707,3625,3313,4261
"2008","Konur","108",219,989,326,1865,642,3875,1537,6118,600,5172,1111,3932,4435,4552
"2008","Konur","109",247,1217,399,2100,718,3347,1439,4627,707,5192,689,3288,4199,3843
"2008","Konur","110",234,1024,364,2093,680,3618,1349,5435,518,5280,442,3613,3587,4217
"2008","Konur","111",145,1163,286,2210,545,3130,910,3863,542,3608,546,2948,2974,3223
"2008","Konur","112",391,1066,512,1972,1038,3826,2562,4985,759,4287,633,3216,5895,3980
"2008","Konur","113",66,1199,180,1830,473,3695,623,4967,261,4146,202,3189,1805,3865
"2008","Konur","116",18,1075,9,1944,44,3303,99,3534,38,10835,20,6363,228,4697
"2008","Konur","Annað",2,189,1,51,8,4822,26,6066,11,6462,2,6536,50,5617
"2008","Konur","Alls",2044,1032,3680,1909,7836,3600,13979,5145,5731,5071,7918,3732,41188,4076
"2008","Alls","101",339,1275,986,1820,2663,3933,2891,6002,1193,5818,1393,5266,9465,4683
"2008","Alls","103",50,874,82,1828,127,4654,287,7023,236,7734,670,5591,1452,5766
"2008","Alls","104",308,1059,498,1996,1131,3987,2053,5781,834,6660,1605,3808,6429,4568
"2008","Alls","105",442,949,910,1994,2297,3962,3467,5589,1415,6453,2335,4345,10866,4600
"2008","Alls","107",318,814,544,1804,1313,4394,2056,6839,801,6800,1142,4150,6174,5063
"2008","Alls","108",477,1005,660,1893,1280,4414,2944,7146,1173,6351,1910,4817,8444,5337
"2008","Alls","109",515,1200,780,2161,1456,3811,2700,5623,1364,6242,1236,4311,8051,4580
"2008","Alls","110",447,1139,723,2318,1385,4254,2687,6446,1047,6473,865,4374,7154,5026
"2008","Alls","111",308,1250,558,2445,1138,3663,1911,4349,1029,4332,1013,3392,5957,3714
"2008","Alls","112",826,1149,1046,2186,2063,4343,4875,6205,1488,5391,1205,3879,11503,4794
"2008","Alls","113",129,1203,328,2235,910,4452,1232,6068,503,5079,410,3967,3512,4726
"2008","Alls","116",34,1121,25,2632,83,3624,203,4953,73,12255,46,4982,464,5461
"2008","Alls","Annað",4,175,4,492,18,4731,50,8183,18,12768,5,12231,99,7959
"2008","Alls","Alls",4197,1100,7144,2071,15864,4104,27356,6056,11174,6068,13835,4367,79570,4755
"2009","Karlar","101",172,831,472,1648,1461,3892,1542,6259,632,6898,602,5379,4881,4887
"2009","Karlar","103",27,714,37,1649,77,4254,138,7697,119,6885,249,6204,647,5926
"2009","Karlar","104",169,875,241,1857,585,4210,1027,6327,425,6098,654,4294,3101,4823
"2009","Karlar","105",236,765,468,1824,1218,4008,1797,5572,708,6415,944,4450,5371,4594
"2009","Karlar","107",170,630,265,1545,667,4410,964,6945,396,7676,446,5035,2908,5309
"2009","Karlar","108",280,835,364,1788,692,4306,1400,7251,596,7851,786,6068,4118,5698
"2009","Karlar","109",272,1013,393,1853,738,4055,1328,6191,651,6988,580,5125,3962,4982
"2009","Karlar","110",246,909,358,2146,738,4359,1352,6604,563,7396,452,4690,3709,5236
"2009","Karlar","111",152,1122,279,2428,619,3804,1016,4628,469,5036,491,3983,3026,4039
"2009","Karlar","112",461,998,574,2047,977,4615,2296,7215,819,6522,587,4433,5714,5365
"2009","Karlar","113",74,948,135,2281,411,4838,669,6648,249,6260,225,4637,1763,5341
"2009","Karlar","116",18,1620,21,2704,33,3287,103,6965,39,9011,27,3629,241,5648
"2009","Karlar","Annað",5,458,13,2596,40,3951,50,8717,12,13163,10,10709,130,6885
"2009","Karlar","Alls",2282,904,3620,1919,8256,4192,13682,6438,5678,6783,6053,4908,39571,5052
"2009","Konur","101",191,801,624,1594,1371,3129,1453,5823,632,5116,802,4023,5073,4013
"2009","Konur","103",19,822,37,1368,54,4182,149,4950,122,5460,407,3915,788,4174
"2009","Konur","104",169,885,245,1666,580,3414,1060,4993,426,4786,960,3257,3440,3778
"2009","Konur","105",226,906,508,1695,1192,3488,1767,4921,751,6376,1383,3378,5827,4012
"2009","Konur","107",160,820,316,1445,706,3649,1070,5777,448,5184,720,3403,3420,4128
"2009","Konur","108",253,856,344,1829,655,3640,1537,5625,609,5460,1108,3839,4506,4318
"2009","Konur","109",275,979,388,1997,729,3438,1434,4754,722,4851,729,3130,4277,3776
"2009","Konur","110",257,1015,368,1923,712,3484,1385,4980,564,5279,454,3423,3740,3978
"2009","Konur","111",159,1042,292,2160,573,3227,919,4152,511,3818,581,3001,3035,3346
"2009","Konur","112",420,953,518,1949,1027,3592,2591,5248,805,4691,665,3213,6026,4084
"2009","Konur","113",83,1119,146,1813,470,3806,631,5173,268,4332,219,3449,1817,4033
"2009","Konur","116",13,1648,13,1753,40,3482,99,3963,41,6489,23,5565,229,4235
"2009","Konur","Annað",6,922,23,1642,29,3100,36,6038,17,7007,6,3884,117,4213
"2009","Konur","Alls",2231,935,3822,1792,8138,3460,14131,5167,5916,5093,8057,3468,42295,3976
"2009","Alls","101",363,815,1096,1617,2832,3523,2995,6047,1264,6007,1404,4604,9954,4442
"2009","Alls","103",46,759,74,1509,131,4225,287,6271,241,6164,656,4784,1435,4964
"2009","Alls","104",338,880,486,1761,1165,3814,2087,5649,851,5441,1614,3677,6541,4273
"2009","Alls","105",462,834,976,1757,2410,3750,3564,5250,1459,6395,2327,3813,11198,4291
"2009","Alls","107",330,722,581,1491,1373,4019,2034,6330,844,6354,1166,4027,6328,4671
"2009","Alls","108",533,844,708,1808,1347,3982,2937,6400,1205,6642,1894,4764,8624,4977
"2009","Alls","109",547,996,781,1924,1467,3748,2762,5445,1373,5865,1309,4014,8239,4356
"2009","Alls","110",503,963,726,2033,1450,3929,2737,5783,1127,6337,906,4055,7449,4605
"2009","Alls","111",311,1081,571,2291,1192,3526,1935,4402,980,4401,1072,3451,6061,3692
"2009","Alls","112",881,977,1092,2001,2004,4090,4887,6172,1624,5614,1252,3785,11740,4707
"2009","Alls","113",157,1038,281,2038,881,4288,1300,5932,517,5260,444,4051,3580,4677
"2009","Alls","116",31,1631,34,2340,73,3394,202,5494,80,7718,50,4519,470,4960
"2009","Alls","Annað",11,711,36,1987,69,3593,86,7595,29,9554,16,8150,247,5619
"2009","Alls","Alls",4513,919,7442,1854,16394,3828,27813,5792,11594,5921,14110,4086,81866,4496
"2010","Karlar","101",170,699,486,1742,1508,3626,1579,5584,642,5614,626,4348,5011,4306
"2010","Karlar","103",27,707,55,1989,98,4388,131,6253,117,6024,256,5313,684,5033
"2010","Karlar","104",157,803,256,1752,603,4020,1040,5908,428,5703,635,3646,3119,4456
"2010","Karlar","105",250,722,517,1798,1235,3890,1866,5256,716,5523,888,4007,5472,4246
"2010","Karlar","107",172,627,322,1481,678,4322,981,6402,411,6948,436,4270,3000,4838
"2010","Karlar","108",271,903,405,1665,721,4141,1402,6892,625,6766,798,4528,4222,5071
"2010","Karlar","109",279,965,421,1774,733,3864,1311,6045,679,5997,603,4522,4026,4613
"2010","Karlar","110",249,882,388,2130,748,4268,1371,6305,602,6180,443,4429,3801,4884
"2010","Karlar","111",145,1039,279,2209,642,3657,1004,4682,482,4728,505,3604,3057,3898
"2010","Karlar","112",478,938,605,2082,975,4362,2256,6607,868,6017,624,3963,5806,4920
"2010","Karlar","113",76,892,148,2127,372,4686,701,6530,248,5272,240,4001,1785,5026
"2010","Karlar","116",12,1405,21,2689,35,3316,106,4981,39,6168,32,3389,245,4352
"2010","Karlar","Annað",2,383,7,887,38,3576,52,6771,25,8543,35,5244,159,5611
"2010","Karlar","Alls",2288,861,3910,1870,8386,4014,13800,6026,5882,5924,6121,4193,40387,4621
"2010","Konur","101",189,847,660,1588,1393,3022,1462,4898,659,4598,798,3635,5161,3586
"2010","Konur","103",18,833,60,1392,89,2916,149,4285,115,4855,407,3295,838,3456
"2010","Konur","104",168,976,255,1742,586,3254,1086,4672,444,4480,918,2850,3457,3528
"2010","Konur","105",238,854,506,1703,1184,3252,1785,4624,790,4511,1319,3139,5822,3585
"2010","Konur","107",147,783,325,1434,709,3298,1077,5300,465,4760,714,3029,3437,3783
"2010","Konur","108",249,886,370,1666,682,3525,1533,5353,621,4512,1136,3115,4591,3875
"2010","Konur","109",266,974,379,1929,750,3246,1479,4418,724,4165,759,2910,4357,3485
"2010","Konur","110",255,1021,365,1915,758,3385,1420,4737,584,4364,472,3136,3854,3705
"2010","Konur","111",177,1092,291,2176,584,3089,920,3996,516,3668,605,2753,3093,3189
"2010","Konur","112",441,914,563,1962,975,3416,2528,4657,858,4286,739,2865,6104,3670
"2010","Konur","113",84,974,187,1891,445,3586,669,4761,283,4015,225,3199,1893,3736
"2010","Konur","116",12,943,19,1882,38,3038,102,4112,39,4192,28,3534,238,3548
"2010","Konur","Annað",8,1023,23,1563,31,3264,41,6336,25,5300,39,3272,167,3983
"2010","Konur","Alls",2252,930,4003,1777,8224,3273,14251,4744,6123,4364,8159,3079,43012,3617
"2010","Alls","101",359,777,1146,1653,2901,3336,3041,5254,1301,5099,1424,3949,10172,3941
"2010","Alls","103",45,757,115,1678,187,3687,280,5206,232,5444,663,4074,1522,4165
"2010","Alls","104",325,892,511,1747,1189,3643,2126,5276,872,5080,1553,3176,6576,3968
"2010","Alls","105",488,786,1023,1751,2419,3578,3651,4947,1506,4992,2207,3488,11294,3905
"2010","Alls","107",319,699,647,1457,1387,3798,2058,5825,876,5787,1150,3499,6437,4275
"2010","Alls","108",520,895,775,1666,1403,3841,2935,6088,1246,5643,1934,3698,8813,4448
"2010","Alls","109",545,969,800,1848,1483,3552,2790,5182,1403,5051,1362,3624,8383,4027
"2010","Alls","110",504,952,753,2026,1506,3824,2791,5507,1186,5286,915,3762,7655,4291
"2010","Alls","111",322,1068,570,2192,1226,3386,1924,4354,998,4180,1110,3140,6150,3541
"2010","Alls","112",919,927,1168,2024,1950,3889,4784,5577,1726,5157,1363,3367,11910,4279
"2010","Alls","113",160,935,335,1996,817,4087,1370,5666,531,4602,465,3613,3678,4362
"2010","Alls","116",24,1174,40,2306,73,3171,208,4555,78,5180,60,3456,483,3956
"2010","Alls","Annað",10,895,30,1405,69,3436,93,6579,50,6921,74,4205,326,4777
"2010","Alls","Alls",4540,895,7913,1823,16610,3647,28051,5375,12005,5129,14280,3556,83399,4103
"2011","Karlar","101",147,714,525,1764,1465,3784,1650,5742,649,5964,675,4420,5111,4481
"2011","Karlar","103",14,865,60,1950,98,3872,132,6832,115,6669,282,5308,701,5241
"2011","Karlar","104",148,881,259,1906,588,4309,1016,6276,445,5974,616,4002,3072,4772
"2011","Karlar","105",219,963,536,2034,1172,4110,1824,5671,766,5843,895,4161,5412,4557
"2011","Karlar","107",153,655,277,1638,610,4914,889,7063,403,7027,361,4847,2693,5352
"2011","Karlar","108",262,902,429,1848,725,4437,1339,7303,653,7357,811,4628,4219,5352
"2011","Karlar","109",253,1001,430,2017,676,4026,1308,6418,650,6366,664,4920,3981,4934
"2011","Karlar","110",222,1028,385,2122,735,4647,1345,6907,595,6595,477,4899,3759,5324
"2011","Karlar","111",133,1023,269,2374,601,3997,987,4958,476,5038,527,3755,2993,4159
"2011","Karlar","112",447,1009,656,2207,912,4610,2212,7004,910,6487,675,3920,5812,5187
"2011","Karlar","113",76,1062,141,2425,365,5039,704,6771,249,5819,250,4275,1785,5348
"2011","Karlar","116",16,1279,15,2474,34,3533,109,5188,42,6585,25,3912,241,4637
"2011","Karlar","Annað",2,123,..,..,4,6050,15,14457,9,14938,2,21221,32,13068
"2011","Karlar","Alls",2092,939,3982,2015,7985,4285,13530,6414,5962,6312,6260,4411,39811,4929
"2011","Konur","101",194,919,655,1735,1418,3165,1519,4997,699,4727,901,3468,5386,3680
"2011","Konur","103",20,1206,72,1631,87,3077,153,4836,121,4827,432,3373,885,3605
"2011","Konur","104",168,964,271,1957,582,3315,1072,5011,457,4798,867,3098,3417,3767
"2011","Konur","105",212,949,525,1818,1157,3461,1776,4940,834,4773,1302,3274,5806,3820
"2011","Konur","107",130,774,276,1677,629,3539,1002,5652,455,5111,551,3370,3043,4152
"2011","Konur","108",233,942,366,1753,667,3556,1491,5565,694,5013,1138,3226,4589,4071
"2011","Konur","109",234,1054,374,2069,726,3496,1465,4757,701,4298,805,3048,4305,3715
"2011","Konur","110",220,1037,400,1995,732,3657,1378,5047,599,4951,501,3758,3830,4049
"2011","Konur","111",163,1211,278,2230,611,3228,934,4243,503,3881,634,2947,3123,3385
"2011","Konur","112",399,981,588,1919,928,3640,2471,5007,909,4373,777,3001,6072,3883
"2011","Konur","113",83,1302,205,2195,423,3854,682,5087,291,4437,239,3421,1923,4039
"2011","Konur","116",12,905,23,2165,34,3203,98,4157,36,3605,29,4809,232,3647
"2011","Konur","Annað",2,464,..,..,3,2034,24,7359,8,5913,3,3626,40,6046
"2011","Konur","Alls",2070,1000,4033,1900,7997,3451,14065,5030,6307,4636,8179,3248,42651,3842
"2011","Alls","101",341,831,1180,1748,2883,3480,3169,5385,1348,5322,1576,3876,10497,4070
"2011","Alls","103",34,1065,132,1776,185,3498,285,5760,236,5725,714,4137,1586,4328
"2011","Alls","104",316,925,530,1932,1170,3815,2088,5627,902,5378,1483,3473,6489,4243
"2011","Alls","105",431,956,1061,1927,2329,3788,3600,5311,1600,5285,2197,3636,11218,4175
"2011","Alls","107",283,709,553,1657,1239,4216,1891,6316,858,6011,912,3954,5736,4715
"2011","Alls","108",495,921,795,1805,1392,4015,2830,6387,1347,6149,1949,3809,8808,4685
"2011","Alls","109",487,1027,804,2041,1402,3751,2773,5540,1351,5293,1469,3894,8286,4301
"2011","Alls","110",442,1032,785,2057,1467,4153,2723,5966,1194,5771,978,4314,7589,4680
"2011","Alls","111",296,1127,547,2300,1212,3609,1921,4610,979,4443,1161,3313,6116,3764
"2011","Alls","112",846,996,1244,2071,1840,4121,4683,5950,1819,5431,1452,3428,11884,4521
"2011","Alls","113",159,1187,346,2289,788,4403,1386,5942,540,5074,489,3858,3708,4669
"2011","Alls","116",28,1118,38,2287,68,3368,207,4700,78,5209,54,4394,473,4152
"2011","Alls","Annað",4,293,..,..,7,4329,39,10089,17,10691,5,10664,72,9167
"2011","Alls","Alls",4162,969,8015,1957,15982,3868,27595,5708,12269,5450,14439,3752,82462,4367
"2012","Karlar","101",133,954,549,1941,1393,4128,1630,6036,664,6423,683,4924,5052,4832
"2012","Karlar","103",18,1195,54,2034,104,4476,135,6829,114,7496,289,5394,714,5507
"2012","Karlar","104",142,990,258,2038,580,4529,1016,6594,462,6384,607,4454,3065,5104
"2012","Karlar","105",199,1062,489,2184,1266,4261,1801,5894,761,5849,925,4782,5441,4808
"2012","Karlar","107",136,871,267,1777,599,4979,905,7395,411,7463,367,5370,2685,5701
"2012","Karlar","108",193,991,443,1877,744,4564,1324,7593,659,7764,832,4960,4195,5653
"2012","Karlar","109",243,1198,418,2256,677,4107,1291,6464,626,7001,694,5071,3949,5131
"2012","Karlar","110",202,1108,404,2246,761,4801,1321,6926,616,6733,510,5210,3814,5438
"2012","Karlar","111",148,1074,277,2344,583,4170,980,5304,467,5234,558,4017,3013,4355
"2012","Karlar","112",418,1140,687,2269,862,4596,2119,7300,964,7119,729,4279,5779,5442
"2012","Karlar","113",63,1243,151,2314,355,5502,710,6897,254,6156,256,4452,1789,5579
"2012","Karlar","116",14,1117,26,2808,36,3587,110,5201,41,7182,31,4800,258,4780
"2012","Karlar","Annað",3,190,..,..,8,7991,17,13630,12,15206,3,17022,43,12319
"2012","Karlar","Alls",1912,1075,4023,2127,7968,4466,13359,6638,6051,6707,6484,4784,39797,5188
"2012","Konur","101",162,881,664,1857,1390,3296,1498,5230,713,5131,899,3765,5326,3912
"2012","Konur","103",20,1068,60,1672,105,3144,148,5191,119,5303,441,3474,893,3789
"2012","Konur","104",139,1224,270,1956,563,3486,1056,6178,473,4939,829,3254,3330,4270
"2012","Konur","105",187,1017,520,2069,1187,3556,1801,5072,824,5031,1305,3630,5824,4036
"2012","Konur","107",121,967,284,1777,647,3781,995,6007,465,5571,551,3694,3063,4463
"2012","Konur","108",213,1039,378,1734,674,3836,1484,5683,746,5323,1110,3498,4605,4289
"2012","Konur","109",204,1162,410,2070,678,3563,1458,4937,695,4468,834,3257,4279,3861
"2012","Konur","110",214,1163,378,2124,739,3617,1375,5166,615,4619,527,3570,3848,4041
"2012","Konur","111",136,1231,276,2251,594,3406,948,4351,473,4082,679,3133,3106,3540
"2012","Konur","112",365,1056,609,2011,941,3640,2416,5156,941,4761,832,3173,6104,4032
"2012","Konur","113",81,1401,226,2125,418,3864,703,5203,301,4380,249,3670,1978,4094
"2012","Konur","116",15,1098,27,2644,33,3285,99,4746,38,4003,33,4539,245,3951
"2012","Konur","Annað",3,187,2,3384,7,4785,22,6636,12,8076,2,2682,48,6023
"2012","Konur","Alls",1860,1092,4104,1987,7976,3563,14003,5272,6415,4872,8291,3462,42649,4042
"2012","Alls","101",295,914,1213,1895,2783,3712,3128,5650,1377,5754,1582,4265,10378,4360
"2012","Alls","103",38,1128,114,1843,209,3807,283,5972,233,6376,730,4235,1607,4552
"2012","Alls","104",281,1106,528,1996,1143,4015,2072,6382,935,5653,1436,3761,6395,4670
"2012","Alls","105",386,1041,1009,2125,2453,3920,3602,5483,1585,5424,2230,4108,11265,4409
"2012","Alls","107",257,916,551,1777,1246,4357,1900,6668,876,6458,918,4364,5748,5041
"2012","Alls","108",406,1016,821,1812,1418,4218,2808,6584,1405,6468,1942,4124,8800,4939
"2012","Alls","109",447,1181,828,2164,1355,3835,2749,5654,1321,5668,1528,4081,8228,4470
"2012","Alls","110",416,1137,782,2187,1500,4217,2696,6029,1231,5677,1037,4377,7662,4736
"2012","Alls","111",284,1149,553,2297,1177,3784,1928,4835,940,4654,1237,3532,6119,3941
"2012","Alls","112",783,1101,1296,2147,1803,4097,4535,6158,1905,5954,1561,3689,11883,4718
"2012","Alls","113",144,1332,377,2201,773,4616,1413,6054,555,5193,505,4066,3767,4800
"2012","Alls","116",29,1107,53,2725,69,3442,209,4985,79,5653,64,4666,503,4376
"2012","Alls","Annað",6,189,2,3384,15,6495,39,9685,24,11641,5,11286,91,8998
"2012","Alls","Alls",3772,1083,8127,2056,15944,4015,27362,5939,12466,5763,14775,4042,82446,4595
"2013","Karlar","101",130,901,513,2074,1437,4044,1657,6629,685,6963,700,5859,5122,5242
"2013","Karlar","103",10,927,54,2256,99,4329,139,7032,114,7376,285,5760,701,5734
"2013","Karlar","104",155,1042,296,2234,632,4709,1029,7146,478,6494,610,4697,3200,5350
"2013","Karlar","105",185,1119,479,2411,1272,4497,1801,6302,802,6213,895,6117,5434,5316
"2013","Karlar","107",137,944,292,1878,606,5124,899,8045,412,7716,383,5491,2729,5972
"2013","Karlar","108",205,1082,426,2139,752,4898,1336,8045,675,8186,835,5983,4229,6168
"2013","Karlar","109",238,1254,449,2471,711,4253,1315,6941,596,6895,731,5500,4040,5368
"2013","Karlar","110",195,1213,408,2293,776,4935,1325,7243,625,7081,542,5484,3871,5682
"2013","Karlar","111",139,1215,310,2663,590,4262,1013,5728,471,5359,593,4224,3116,4602
"2013","Karlar","112",399,1227,699,2434,901,4901,2063,7613,983,7455,766,4735,5811,5725
"2013","Karlar","113",67,1194,149,2645,367,5263,735,7188,262,6749,282,4650,1862,5783
"2013","Karlar","116",19,1320,20,2987,36,4140,113,5740,46,6094,34,6952,268,5221
"2013","Karlar","Annað",1,605,3,2401,7,7958,22,12162,12,17730,3,14236,48,12220
"2013","Karlar","Alls",1880,1141,4098,2317,8186,4599,13447,7070,6161,6988,6659,5391,40431,5523
"2013","Konur","101",153,999,659,1920,1394,3400,1537,5506,741,6056,896,5640,5380,4491
"2013","Konur","103",21,1273,48,1821,111,3294,150,5244,129,5278,441,3660,900,3957
"2013","Konur","104",124,1222,274,2201,608,3626,1066,5488,494,5166,813,3489,3379,4202
"2013","Konur","105",176,1144,521,2149,1181,3687,1830,5297,822,5276,1303,4561,5833,4397
"2013","Konur","107",120,975,278,1976,655,3941,985,6376,458,6582,565,4327,3061,4896
"2013","Konur","108",234,1020,412,2026,719,3982,1480,6155,745,5906,1128,4244,4718,4712
"2013","Konur","109",227,1201,403,2293,694,3679,1441,5116,682,4797,892,3506,4339,4038
"2013","Konur","110",218,1230,404,2149,776,3817,1373,5423,641,4996,559,3711,3971,4236
"2013","Konur","111",120,1445,268,2386,586,3644,966,4499,493,4383,713,3337,3146,3762
"2013","Konur","112",349,1187,620,2127,952,3776,2343,5474,984,5082,878,3393,6126,4266
"2013","Konur","113",81,1273,204,2246,453,3980,727,5566,304,4791,263,3810,2032,4365
"2013","Konur","116",20,1280,34,2724,32,3306,99,5175,44,4915,34,4762,263,4238
"2013","Konur","Annað",2,877,4,2830,8,4910,28,7629,12,6890,3,2489,57,6248
"2013","Konur","Alls",1845,1164,4129,2124,8169,3709,14025,5486,6549,5323,8488,4054,43205,4338
"2013","Alls","101",283,954,1172,1987,2831,3727,3194,6089,1426,6492,1596,5736,10502,4857
"2013","Alls","103",31,1162,102,2051,210,3782,289,6104,243,6262,726,4485,1601,4735
"2013","Alls","104",279,1122,570,2218,1240,4178,2095,6302,972,5819,1423,4007,6579,4760
"2013","Alls","105",361,1131,1000,2275,2453,4107,3631,5795,1624,5739,2198,5194,11267,4840
"2013","Alls","107",257,958,570,1926,1261,4509,1884,7173,870,7119,948,4797,5790,5403
"2013","Alls","108",439,1049,838,2084,1471,4450,2816,7052,1420,6989,1963,4984,8947,5401
"2013","Alls","109",465,1228,852,2387,1405,3969,2756,5987,1278,5776,1623,4404,8379,4680
"2013","Alls","110",413,1222,812,2221,1552,4376,2698,6317,1266,6026,1101,4584,7842,4950
"2013","Alls","111",259,1322,578,2534,1176,3954,1979,5128,964,4860,1306,3740,6262,4180
"2013","Alls","112",748,1208,1319,2289,1853,4323,4406,6476,1967,6268,1644,4018,11937,4976
"2013","Alls","113",148,1237,353,2414,820,4554,1462,6381,566,5697,545,4245,3894,5043
"2013","Alls","116",39,1299,54,2822,68,3748,212,5476,90,5518,68,5857,531,4734
"2013","Alls","Annað",3,786,7,2646,15,6333,50,9624,24,12310,6,8363,105,8978
"2013","Alls","Alls",3725,1152,8227,2220,16355,4154,27472,6262,12710,6130,15147,4642,83636,4911
"2014","Karlar","101",135,1007,533,2070,1413,4246,1667,6948,735,7113,708,7418,5191,5645
"2014","Karlar","103",16,1276,47,2077,97,4566,132,7571,109,7383,283,6599,684,6188
"2014","Karlar","104",154,1066,282,2386,605,5000,1035,7509,495,7214,588,5138,3159,5770
"2014","Karlar","105",207,1026,462,2502,1317,4720,1813,6889,808,6597,897,5324,5504,5483
"2014","Karlar","107",120,988,294,2060,614,5189,905,8708,390,8019,379,6200,2702,6391
"2014","Karlar","108",180,1133,448,2296,750,5061,1346,8567,662,9131,841,5690,4227,6480
"2014","Karlar","109",225,1310,454,2599,726,4356,1333,7163,595,7515,750,5651,4083,5608
"2014","Karlar","110",175,1234,405,2575,788,4913,1368,7544,663,7323,557,5929,3956,5968
"2014","Karlar","111",159,1432,313,2995,603,4452,997,5902,455,5504,614,4857,3141,4846
"2014","Karlar","112",386,1187,680,2707,930,5108,1997,8288,1020,8195,836,4981,5849,6176
"2014","Karlar","113",75,1291,168,2656,366,5651,746,7684,279,7117,301,5002,1935,6116
"2014","Karlar","116",21,1121,27,2735,38,4483,109,5589,43,6231,39,6501,277,5049
"2014","Karlar","Annað",1,36,6,1871,11,4591,20,13514,13,19038,9,5176,60,10435
"2014","Karlar","Alls",1854,1172,4119,2475,8258,4774,13468,7512,6267,7467,6802,5667,40768,5845
"2014","Konur","101",148,937,645,2188,1413,3619,1556,5879,770,7020,948,4748,5480,4693
"2014","Konur","103",16,1446,55,2427,108,3377,130,5521,128,5459,436,4269,873,4352
"2014","Konur","104",117,1304,299,2329,613,4007,1063,5709,513,6012,802,3669,3407,4520
"2014","Konur","105",187,1151,481,2201,1234,3959,1821,5671,836,5559,1253,4199,5812,4542
"2014","Konur","107",120,1040,272,2150,679,4363,1000,6773,450,6218,556,4495,3077,5116
"2014","Konur","108",213,1116,419,2210,729,4228,1447,6467,752,6516,1099,4314,4659,4989
"2014","Konur","109",235,1363,381,2366,702,3833,1440,5571,661,5477,905,3819,4324,4397
"2014","Konur","110",206,1270,413,2340,757,3966,1390,5808,653,5241,600,3948,4019,4502
"2014","Konur","111",128,1346,305,2605,594,3633,964,4831,490,4476,713,3766,3194,3964
"2014","Konur","112",358,1301,590,2335,925,4056,2308,5995,1026,5364,932,3702,6139,4624
"2014","Konur","113",73,1364,222,2605,434,4461,750,5771,305,5230,292,4152,2076,4696
"2014","Konur","116",17,1689,33,2817,45,3805,95,5000,54,4225,36,5267,280,4235
"2014","Konur","Annað",2,382,12,1806,11,3261,22,8304,12,6066,21,787,80,4129
"2014","Konur","Alls",1820,1231,4127,2312,8244,3956,13986,5861,6650,5740,8593,4095,43420,4600
"2014","Alls","101",283,970,1178,2135,2826,3933,3223,6432,1505,7065,1656,5890,10671,5156
"2014","Alls","103",32,1361,102,2266,205,3940,262,6554,237,6344,719,5186,1557,5158
"2014","Alls","104",271,1168,581,2357,1218,4500,2098,6597,1008,6602,1390,4290,6566,5121
"2014","Alls","105",394,1085,943,2349,2551,4352,3634,6279,1644,6069,2150,4668,11316,5000
"2014","Alls","107",240,1014,566,2103,1293,4755,1905,7692,840,7054,935,5186,5779,5712
"2014","Alls","108",393,1124,867,2254,1479,4650,2793,7479,1414,7740,1940,4911,8886,5698
"2014","Alls","109",460,1337,835,2492,1428,4099,2773,6336,1256,6442,1655,4650,8407,4985
"2014","Alls","110",381,1253,818,2456,1545,4449,2758,6669,1316,6290,1157,4902,7975,5229
"2014","Alls","111",287,1394,618,2802,1197,4046,1961,5375,945,4971,1327,4271,6335,4401
"2014","Alls","112",744,1242,1270,2534,1855,4583,4305,7059,2046,6775,1768,4307,11988,5381
"2014","Alls","113",148,1327,390,2627,800,5006,1496,6725,584,6131,593,4583,4011,5381
"2014","Alls","116",38,1375,60,2780,83,4116,204,5315,97,5114,75,5909,557,4639
"2014","Alls","Annað",3,266,18,1828,22,3926,42,10785,25,12812,30,2104,140,6832
"2014","Alls","Alls",3674,1201,8246,2394,16502,4365,27454,6671,12917,6578,15395,4789,84188,5203
"2015","Karlar","101",154,1137,492,2363,1406,4381,1676,7664,724,8299,738,6320,5190,5976
"2015","Karlar","103",23,1287,40,2433,105,4880,131,7572,102,8091,286,6467,687,6268
"2015","Karlar","104",193,1192,275,2571,584,5140,1050,7774,493,7993,599,5512,3194,6056
"2015","Karlar","105",213,1129,483,2731,1329,4979,1882,6976,807,6929,913,5704,5627,5706
"2015","Karlar","107",134,1080,271,2128,616,5511,892,9273,391,8793,399,6558,2703,6823
"2015","Karlar","108",217,1174,439,2547,760,5353,1363,9316,667,9415,843,5891,4289,6851
"2015","Karlar","109",251,1345,445,2854,721,4663,1324,7379,604,8507,770,6098,4115,5972
"2015","Karlar","110",182,1414,381,2908,738,5162,1408,7911,675,8064,570,6618,3954,6457
"2015","Karlar","111",169,1581,315,3264,646,4624,1032,5895,462,5694,612,4829,3236,4929
"2015","Karlar","112",409,1451,672,2787,952,5114,1932,8538,1048,8621,878,5368,5891,6379
"2015","Karlar","113",97,1240,173,3159,363,5715,790,8124,284,7775,312,5245,2019,6441
"2015","Karlar","116",26,1451,23,4064,47,4619,111,6194,46,6600,41,9036,294,5816
"2015","Karlar","Annað",3,32,8,1961,18,4249,19,14669,17,14166,98,760,163,4211
"2015","Karlar","Alls",2071,1298,4017,2717,8285,4967,13610,7860,6320,8083,7059,5783,41362,6132
"2015","Konur","101",175,1138,559,2211,1326,3839,1515,6054,781,7864,960,4749,5316,4966
"2015","Konur","103",20,1614,49,2640,111,3957,132,6126,123,6393,447,4389,882,4714
"2015","Konur","104",139,1315,277,2435,634,4238,1077,6089,516,6399,790,4023,3433,4830
"2015","Konur","105",232,1133,475,2390,1251,4352,1858,6061,843,5709,1228,4611,5887,4854
"2015","Konur","107",115,1158,257,2392,653,4395,1024,7109,434,6963,559,4631,3042,5427
"2015","Konur","108",226,1192,419,2454,761,4409,1449,7221,758,6546,1071,4423,4684,5298
"2015","Konur","109",252,1388,383,2700,757,3945,1448,6138,671,5470,922,4058,4433,4662
"2015","Konur","110",224,1278,402,2688,750,4355,1420,6238,642,5630,624,4564,4062,4912
"2015","Konur","111",141,1520,290,2825,608,3922,982,4940,483,4672,716,3755,3220,4104
"2015","Konur","112",380,1340,590,2518,961,4211,2286,6153,1074,5846,966,3989,6257,4833
"2015","Konur","113",106,1310,221,2809,410,4460,797,6162,316,5737,307,4302,2157,4930
"2015","Konur","116",17,1520,30,2665,49,3784,100,5257,53,4158,37,8630,286,4744
"2015","Konur","Annað",8,304,10,1809,15,3826,27,6590,21,3874,177,478,258,1635
"2015","Konur","Alls",2035,1281,3962,2513,8286,4181,14115,6222,6715,6100,8804,4264,43917,4862
"2015","Alls","101",329,1138,1051,2282,2732,4118,3191,6900,1505,8073,1698,5432,10506,5465
"2015","Alls","103",43,1439,89,2547,216,4406,263,6846,225,7162,733,5200,1569,5394
"2015","Alls","104",332,1244,552,2502,1218,4671,2127,6921,1009,7178,1389,4665,6627,5421
"2015","Alls","105",445,1131,958,2562,2580,4675,3740,6522,1650,6306,2141,5077,11514,5270
"2015","Alls","107",249,1116,528,2257,1269,4937,1916,8117,825,7830,958,5433,5745,6084
"2015","Alls","108",443,1183,858,2501,1521,4881,2812,8237,1425,7889,1914,5069,8973,6040
"2015","Alls","109",503,1367,828,2783,1478,4295,2772,6731,1275,6909,1692,4986,8548,5293
"2015","Alls","110",406,1339,783,2795,1488,4755,2828,7071,1317,6877,1194,5544,8016,5674
"2015","Alls","111",310,1553,605,3054,1254,4284,2014,5429,945,5172,1328,4250,6456,4518
"2015","Alls","112",789,1397,1262,2661,1913,4661,4218,7245,2122,7217,1844,4646,12148,5583
"2015","Alls","113",203,1276,394,2963,773,5049,1587,7139,600,6702,619,4777,4176,5660
"2015","Alls","116",43,1478,53,3272,96,4193,211,5750,99,5293,78,8844,580,5287
"2015","Alls","Annað",11,230,18,1876,33,4057,46,9927,38,8479,275,578,421,2632
"2015","Alls","Alls",4106,1289,7979,2616,16571,4574,27725,7026,13035,7061,15863,4940,85279,5478
"2016","Karlar","101",159,1308,450,2784,1352,4787,1657,7755,707,8185,768,6737,5093,6233
"2016","Karlar","103",21,1688,35,2672,108,5243,128,8920,104,8657,280,6704,676,6826
"2016","Karlar","104",183,1388,294,3003,596,5573,1037,8801,489,8700,611,6081,3210,6715
"2016","Karlar","105",221,1323,462,3029,1293,5334,1884,7750,804,7551,932,6106,5596,6245
"2016","Karlar","107",124,1188,250,2408,596,5799,928,9726,374,9390,404,7316,2676,7361
"2016","Karlar","108",218,1400,418,2902,804,5746,1374,10004,650,10495,838,6735,4302,7520
"2016","Karlar","109",245,1491,447,3159,740,5127,1323,8024,631,8330,776,6539,4162,6371
"2016","Karlar","110",185,1564,376,3195,732,5639,1422,8539,666,9068,577,7530,3958,7111
"2016","Karlar","111",159,1645,299,3673,664,5038,1050,6268,462,6584,627,5343,3261,5421
"2016","Karlar","112",390,1553,662,3303,962,5778,1935,9041,1084,9793,911,6104,5944,7070
"2016","Karlar","113",117,1452,171,3414,371,5990,825,9006,301,8317,332,5782,2117,7005
"2016","Karlar","116",24,1941,34,3323,46,4798,112,6463,45,7586,40,6011,301,5601
"2016","Karlar","Annað",8,340,11,1997,20,4097,21,12668,19,12439,165,587,244,2893
"2016","Karlar","Alls",2054,1452,3909,3085,8284,5394,13696,8451,6336,8740,7261,6286,41540,6656
"2016","Konur","101",178,1254,510,2512,1291,4178,1488,6779,744,8855,977,4941,5188,5474
"2016","Konur","103",12,1243,60,2687,110,4622,134,7030,121,6870,448,4821,885,5218
"2016","Konur","104",167,1553,268,2721,631,4709,1076,7001,530,6655,778,4378,3450,5341
"2016","Konur","105",230,1337,483,2769,1237,4698,1871,6647,850,6301,1240,4975,5911,5315
"2016","Konur","107",113,1209,229,2541,630,4769,997,7369,422,7922,562,5155,2953,5862
"2016","Konur","108",205,1442,431,2767,783,4686,1450,7508,751,7243,1057,4850,4677,5690
"2016","Konur","109",261,1503,383,2908,744,4438,1476,6287,627,6018,932,4372,4423,4959
"2016","Konur","110",206,1528,395,2899,753,4648,1452,6751,644,6561,646,4824,4096,5396
"2016","Konur","111",150,1677,286,3103,581,4416,1023,5370,488,5261,731,4217,3259,4556
"2016","Konur","112",366,1377,611,2811,944,4673,2200,6868,1116,6245,1025,4391,6262,5304
"2016","Konur","113",128,1484,196,2988,438,4619,840,6673,320,6164,322,4641,2244,5290
"2016","Konur","116",17,1336,30,3146,48,3910,92,5829,56,4696,33,4765,276,4570
"2016","Konur","Annað",4,174,15,2428,20,3138,32,6697,27,5220,253,543,351,1688
"2016","Konur","Alls",2037,1430,3897,2788,8210,4557,14131,6742,6696,6720,9004,4570,43975,5290
"2016","Alls","101",337,1280,960,2640,2643,4490,3145,7293,1451,8528,1745,5731,10281,5850
"2016","Alls","103",33,1526,95,2681,218,4929,262,7954,225,7696,728,5545,1561,5914
"2016","Alls","104",350,1467,562,2868,1227,5129,2113,7884,1019,7637,1389,5127,6660,6003
"2016","Alls","105",451,1330,945,2896,2530,5023,3755,7200,1654,6908,2172,5460,11507,5768
"2016","Alls","107",237,1198,479,2471,1226,5270,1925,8505,796,8612,966,6059,5629,6575
"2016","Alls","108",423,1420,849,2834,1587,5223,2824,8723,1401,8752,1895,5684,8979,6567
"2016","Alls","109",506,1497,830,3043,1484,4782,2799,7108,1258,7177,1708,5356,8585,5644
"2016","Alls","110",391,1545,771,3043,1485,5136,2874,7636,1310,7836,1223,6101,8054,6239
"2016","Alls","111",309,1661,585,3394,1245,4748,2073,5825,950,5905,1358,4737,6520,4989
"2016","Alls","112",756,1468,1273,3067,1906,5231,4135,7885,2200,7993,1936,5197,12206,6164
"2016","Alls","113",245,1469,367,3186,809,5248,1665,7829,621,7207,654,5220,4361,6122
"2016","Alls","116",41,1690,64,3240,94,4344,204,6177,101,5984,73,5448,577,5108
"2016","Alls","Annað",12,285,26,2246,40,3618,53,9063,46,8202,418,560,595,2182
"2016","Alls","Alls",4091,1441,7806,2937,16494,4977,27827,7583,13032,7702,16265,5336,85515,5953
"2017","Karlar","101",145,1264,469,3071,1319,5133,1657,8231,699,9119,779,7680,5068,6786
"2017","Karlar","103",15,1815,40,3064,111,5759,146,9210,107,9574,261,6849,680,7273
"2017","Karlar","104",151,1621,309,3214,592,5824,1052,9144,491,9238,613,7667,3208,7338
"2017","Karlar","105",207,1387,477,3248,1324,5744,1952,8219,805,8071,981,6846,5746,6735
"2017","Karlar","107",122,1321,241,2614,624,5916,968,10525,365,9669,416,8228,2736,7903
"2017","Karlar","108",204,1501,365,2859,806,5989,1386,10319,642,11264,855,8496,4258,8214
"2017","Karlar","109",205,1667,453,3477,768,5554,1348,8301,582,10018,788,6932,4144,6918
"2017","Karlar","110",194,1445,363,3624,750,5971,1469,9221,683,9564,618,7994,4077,7626
"2017","Karlar","111",146,1897,309,3847,628,5435,1100,6721,469,7106,632,5610,3284,5831
"2017","Karlar","112",338,1686,671,3429,996,6007,1889,9684,1083,9946,938,6733,5915,7478
"2017","Karlar","113",114,1733,179,3526,367,6324,861,9739,288,8944,349,8679,2158,7942
"2017","Karlar","116",14,1594,21,3890,21,4735,68,7240,34,7804,23,5995,181,6072
"2017","Karlar","Annað",8,1209,15,3327,33,5036,70,7670,40,7754,170,1611,336,4008
"2017","Karlar","Alls",1863,1561,3912,3303,8339,5721,13966,8948,6288,9353,7423,7218,41791,7200
"2017","Konur","101",159,1374,496,2751,1243,4530,1451,7211,752,8371,989,6166,5090,5907
"2017","Konur","103",12,1006,50,3062,118,4925,149,7294,123,7725,438,5381,890,5776
"2017","Konur","104",147,1511,259,3035,663,5131,1062,7459,507,8578,783,4957,3421,6010
"2017","Konur","105",217,1458,445,2855,1233,5069,1879,7203,898,6905,1262,5696,5934,5858
"2017","Konur","107",116,1202,232,2695,650,5471,1017,7840,422,8249,550,5691,2987,6329
"2017","Konur","108",210,1387,386,2899,807,5049,1443,8049,736,7835,1042,6428,4624,6394
"2017","Konur","109",224,1545,403,3110,704,4914,1490,6782,608,6338,939,5775,4368,5595
"2017","Konur","110",203,1650,385,3118,752,5017,1456,7315,678,6975,667,5483,4141,5879
"2017","Konur","111",142,1751,288,3342,567,4700,1058,5689,491,5862,719,4738,3265,4955
"2017","Konur","112",334,1568,579,3105,969,5057,2139,7207,1144,6967,1048,4834,6213,5742
"2017","Konur","113",146,1529,191,3261,437,4897,891,7417,316,6610,358,7127,2339,6086
"2017","Konur","116",15,1865,16,3452,32,4651,67,6196,36,5011,17,5373,183,5021
"2017","Konur","Annað",6,1423,20,2317,29,3657,57,5180,45,5639,239,1198,396,2516
"2017","Konur","Alls",1931,1508,3750,3002,8204,4959,14159,7211,6756,7252,9051,5506,43851,5833
"2017","Alls","101",304,1322,965,2906,2562,4840,3108,7754,1451,8731,1768,6833,10158,6346
"2017","Alls","103",27,1455,90,3063,229,5329,295,8243,230,8585,699,5929,1570,6424
"2017","Alls","104",298,1567,568,3133,1255,5458,2114,8297,998,8903,1396,6147,6629,6653
"2017","Alls","105",424,1424,922,3058,2557,5418,3831,7720,1703,7456,2243,6199,11680,6289
"2017","Alls","107",238,1263,473,2654,1274,5689,1985,9149,787,8907,966,6784,5723,7082
"2017","Alls","108",414,1443,751,2879,1613,5519,2829,9161,1378,9433,1897,7360,8882,7266
"2017","Alls","109",429,1603,856,3304,1472,5248,2838,7504,1190,8138,1727,6303,8512,6239
"2017","Alls","110",397,1550,748,3363,1502,5493,2925,8272,1361,8274,1285,6690,8218,6746
"2017","Alls","111",288,1825,597,3603,1195,5086,2158,6215,960,6470,1351,5146,6549,5395
"2017","Alls","112",672,1627,1250,3279,1965,5539,4028,8369,2227,8415,1986,5731,12128,6589
"2017","Alls","113",260,1618,370,3389,804,5548,1752,8558,604,7723,707,7893,4497,6977
"2017","Alls","116",29,1734,37,3701,53,4684,135,6722,70,6368,40,5730,364,5544
"2017","Alls","Annað",14,1300,35,2750,62,4391,127,6553,85,6634,409,1369,732,3201
"2017","Alls","Alls",3794,1534,7662,3156,16543,5343,28125,8074,13044,8265,16474,6277,85642,6500
 